Site,URL,Status
GitHub,https://github.com/tharun_10,Error
Reddit,https://www.reddit.com/user/tharun_10,Error
Twitter,https://twitter.com/tharun_10,Error
Instagram,https://www.instagram.com/tharun_10,Error
Medium,https://medium.com/@tharun_10,Error
Pinterest,https://www.pinterest.com/tharun_10/,Error
Dev.to,https://dev.to/tharun_10,Error
Facebook,https://www.facebook.com/tharun_10,Error
TikTok,https://www.tiktok.com/@tharun_10,Error
Twitch,https://www.twitch.tv/tharun_10,Error
LinkedIn,https://www.linkedin.com/in/tharun_10,Error
Snapchat,https://www.snapchat.com/add/tharun_10,Error
YouTube,https://www.youtube.com/c/tharun_10,Error
StackOverflow,https://stackoverflow.com/users/tharun_10,Error
Flickr,https://www.flickr.com/photos/tharun_10,Error
GitLab,https://gitlab.com/tharun_10,Error
Bitbucket,https://bitbucket.org/tharun_10,Error
HackerRank,https://www.hackerrank.com/tharun_10,Error
CodePen,https://codepen.io/tharun_10,Error
Behance,https://www.behance.net/tharun_10,Error
Vimeo,https://vimeo.com/tharun_10,Error
Tumblr,https://tharun_10.tumblr.com/,Error
Quora,https://www.quora.com/profile/tharun_10,Error
SoundCloud,https://soundcloud.com/tharun_10,Error
MySpace,https://myspace.com/tharun_10,Error
